<?xml version="1.0" encoding="UTF-8" ?>
<!DOCTYPE mapper
  PUBLIC "-//mybatis.org//DTD Mapper 3.0//EN"
  "http://mybatis.org/dtd/mybatis-3-mapper.dtd">
  
<mapper namespace="com.emc.dvs.ib.persistance.InstallBaseMapper">

	<select id="getCurrentPartitionId" resultType="Integer">
		SELECT partition_id
		FROM dvs.current_partition
		where current_partition = 'Y' and table_name = 'ib_p';
	</select>
	
	<select id="getCurrentPartitions" resultType="String">
        SELECT table_partition_name
        FROM dvs.current_partition
        WHERE current_partition = 'Y' and table_name in ('component_p','ib_p','esa_p','eta_p');
    </select>
    
    <select id="getWarranties" resultType="Entitlement" parameterType="string">
        SELECT DISTINCT
			ib.instnc_sn as serialNumber,
			ib.instnc_id as instanceId,
			ib.instnc_num as instanceNumber,
			br.cntrc_num as contractId,
			br.original_order_number as salesOrderNumber,
			br.cntrc_subln_strt_dt as contractStartDate,
			br.cntrc_subln_end_dt as contractEndDate,
			br.cntrc_ln_cvrg_type as type,
			br.cntrc_ln_srvc_item_num as serviceLevelCode,
			br.cntrc_subln_stat as status,
			br.cntrc_ln_cvrg_nm as serviceDescription,
			br.cntrc_subln_termin_dt as contractTerminationDate,
			br.prmry_cntrc_flg as primaryFlag
		FROM
			gs.w_install_base_d_sdr_ddl ib
		LEFT OUTER JOIN 
			gs.w_instl_base_cntrct_brg_d_sdr_ddl br 
		ON
			ib.ib_cntrc_brg_instnc_id = br.instnc_id
			and br.del_flg = 'N'
		WHERE
			ib.instnc_sn = #{serialNumber}
			and ib.del_flg = 'N'
			and br.cntrc_subln_strt_dt is not null
			and br.cntrc_subln_end_dt is not null
			and br.cntrc_subln_stat &lt;> 'Canceled'
    </select>
	
	<select id="getInstallBaseGeoDetails" parameterType="map" resultType="InstallBaseGeoBean">
		SELECT data->>'siteNumber' AS siteNumber, 
		data->>'siteName' AS siteName,
		data->>'latitude' as latitude,
		data->>'longitude' as longitude,
		data->>'city' as city,
		count(*) as productCount 
		FROM dvs.ib_p${currentPartitionId} 
		WHERE 1=1 <include refid="installBaseWhereSql"></include>
		<include refid="ibContractWhereSql"></include>
		group by data->>'siteNumber', data->>'siteName', data->>'latitude', data->>'longitude', data->>'city'
	</select>
	
	<select id="getInstallBaseStats" parameterType="map" resultType="InstallBaseStatsBean">
		SELECT count(id) as total,		
		SUM(CASE WHEN data->>'connectFlag' = 'Connected' THEN 1 ELSE 0 END) as connected,
		SUM(CASE WHEN data->>'connectFlag' = 'Not Eligible' THEN 1 ELSE 0 END) as notConnectedEligible,
		SUM(CASE WHEN data->>'contractStatus' = 'Expired' THEN 1 ELSE 0 END) as expired,
		SUM((data->>'partsCount')::int) as partsReplacement
		FROM dvs.ib_p${currentPartitionId} 
		WHERE 1=1 <include refid="installBaseWhereSql"></include>
		<include refid="ibContractWhereSql"></include>
	</select>
	
	<!-- Some of the filters in tableau are shown with all values in the dataset before filtering 
	TLA, IB Status, Site ID / CS Name, Family, all countryList may be show depending on the current filters-->
	<select id="getInstallBaseAllFilterValues" parameterType="map" resultType="InstallBaseFilterValuesBean">
		SELECT array_to_string(array['Yes','No'], '|') as tlaFlagList,
		array_to_string(array_agg(distinct data->>'ibStatus'), '|') as ibStatusList,
		array_to_string(array_agg(distinct data->>'siteDisplayName'), '|') as siteDisplayNameList,
		array_to_string(array_agg(distinct data->>'productFamily'), '|') as productFamilyList,
		array_to_string(array_agg(distinct data->>'servicePlanLevel'), '|') as servicePlanLevelList
		FROM dvs.ib_p${currentPartitionId} 
		WHERE 1 = 1
		<if test="connectivity != null">
			AND (data->> 'connectFlag') != 'Not Eligible'
		</if>
		<if test="cpsdFilter != null">
		    AND (data->>'cpsd') = #{cpsdFilter}
		</if>
		<if test="serviceProviderIsIn != null or serialNumberIsIn != null or customerVisibilityIsIn != null or siteNumberIsIn != null">
			<choose>
				<!-- Employee with MySites, site and products custom group selection -->
				<when test="serviceProviderIsIn == null and customerVisibilityIsIn == null and (serialNumberIsIn != null or siteNumberIsIn != null)">
					AND (
						(data->>'siteNumber') = ANY(string_to_array(#{siteNumberIsIn}, '|'))
						or
						(data->>'serialNumber') = ANY(string_to_array(#{serialNumberIsIn},'|'))
					)
				</when>
				
				<!-- C,P with MySites, site, or product custom group selection that need GPE filtering -->
				<when test="(serviceProviderIsIn != null or customerVisibilityIsIn != null) and (siteNumberIsIn != null or serialNumberIsIn != null)">
					AND (
							(
								data->>'siteNumber' = ANY(string_to_array(#{siteNumberIsIn}, '|'))
								AND (
									data->>'customerProductVisibility' = ANY(string_to_array(#{customerVisibilityIsIn}, '|'))
									OR
									data->>'serviceProvider' = ANY(string_to_array(#{serviceProviderIsIn},'|'))
								)
							OR
								data->>'serialNumber' = ANY(string_to_array(#{serialNumberIsIn},'|'))
							)
					)
				</when>
				
				<otherwise>
					<!-- Fallback in case an invalid filter is supplied -->
					AND 1=2
				</otherwise>
			</choose>
		</if>
	</select>
	
	<!-- Each relevant filter needs to be retrieved in isolation to avoid filtering out too many values -->	
	<select id="getInstallBaseSerialNumbers" parameterType="map" resultType="String">
	    <bind name="serialPattern" value="'%' + serialNumberIsLike + '%'" />
        SELECT distinct data->>'serialNumber' as serialNumberList
        FROM dvs.ib_p${currentPartitionId}
        WHERE data->>'serialNumber' ILIKE #{serialPattern}
        <include refid="installBaseWhereSql"></include>
        ORDER BY data->>'serialNumber' ASC
	</select>
	
	<select id="getInstallBaseInstanceNumbers" parameterType="map" resultType="String">
	    <bind name="instancePattern" value="'%' + instanceNumberIsLike + '%'" />
        SELECT distinct data->>'instanceNumber' as instanceNumberList
        FROM dvs.ib_p${currentPartitionId}
        WHERE data->>'lemcInstanceNumber' ILIKE #{instancePattern} and (data->>'lemcInstanceNumber') IS NOT NULL
        <include refid="installBaseWhereSql"></include>
        ORDER BY data->>'instanceNumber' ASC
	</select>
	
	<select id="getInstallBaseProductNames" parameterType="map" resultType="String">
		SELECT distinct data->>'productName' as productNameList
		FROM dvs.ib_p${currentPartitionId} 
		WHERE (data->>'productName') IS NOT NULL <include refid="installBaseWhereSql"></include>
		ORDER BY data->>'productName' ASC
	</select>
	<select id="getContractStatus" parameterType="map" resultType="String">
		SELECT distinct data->>'contractStatus' as contractStatus
		FROM dvs.ib_p${currentPartitionId} 
		WHERE (data->>'contractStatus') IS NOT NULL 
		<include refid="installBaseWhereSql"></include>
		<include refid="ibContractWhereSql"></include>
		ORDER BY data->>'contractStatus' ASC
	</select>
	
	<select id="getConnectHomeDuration" parameterType="string" resultType="ConnectHomeDurationBean">
		SELECT product_family as productFamily, duration as duration, last_email_sent as lastEmailSent, send_email as sendEmail
		FROM dvs.connecthome_durations 
		WHERE product_family = #{productFamily};
	</select>
	
	<select id="getConnectivityAggregate" parameterType="map" resultType="ConnectivityAggBean">
		SELECT data->>'connectionType' as connectionType,	
			data->>'productFamily' as productFamily,
			data->>'connectFlag' as connectFlag,
        	count(data->>'connectionType') as connectionTypeCount,
        	count(data->>'productFamily') as productFamilyCount
		FROM dvs.ib_p${currentPartitionId} 
		WHERE 1=1
		<include refid="installBaseWhereSql"></include>
		AND data->>'connectFlag' != 'Not Eligible'
		GROUP BY data->>'connectionType',data->>'productFamily', data->>'connectFlag'
	</select>
	
	<select id="getConnectivityTotalRecord" parameterType="map" resultType="Integer">
		SELECT count(*)
		FROM dvs.ib_p${currentPartitionId} 
		WHERE 1=1
		<include refid="installBaseWhereSql"></include>
		AND data->>'connectFlag' != 'Not Eligible'
	</select>
	
	<select id="getConnectivityList" parameterType="map" resultType="ConnectivityProductBean">
		SELECT data->>'serialNumber' as serialNumber,
			   data->>'productName' as productName,
			   data->>'productFamily' as productFamily,
			   data->>'siteDisplayName' as siteDisplayName,
			   data->>'connectionType' as connectionType,
			   data->>'lastConnectHome' as lastConnectHome,
			   data->>'connectFlag' as connectFlag,
			   data->>'ibStatus' as ibStatus,
			   data->>'productPageUrl' as productPageUrl,
			   data->>'serialNumberProductPage' as serialNumberProductPage,
			   data->>'instanceNumber' as instanceNumber,
			   data->>'lemcInstanceNumber' as lemcInstanceNumber
		FROM dvs.ib_p${currentPartitionId} 
		WHERE 1=1
		<include refid="installBaseWhereSql"></include>
		AND data->>'connectFlag' != 'Not Eligible'
		ORDER BY data->'${sortBy}' ${sortDir}
		<if test="size != null">
			LIMIT #{size} OFFSET (#{number}) * (#{size})
		</if>
	</select>
	
	<select id="getCodeLevelsAggregate" parameterType="map" resultType="CodeLevelsAggBean">
		SELECT 
			data->>'codeLevelCategory' as category,	
			data->>'productFamily' as productFamily,
        	count(distinct(data->>'installedCode')) as codeReleases,
        	count(data->>'productFamily') as systems
		FROM dvs.ib_p${currentPartitionId} 
		WHERE (data->>'clItemNumber') IS NOT NULL 
		<include refid="installBaseWhereSql"></include>
		GROUP BY data->>'codeLevelCategory',data->>'productFamily'		
	</select>
	<select id="getCodeLevelsTotalRecord" parameterType="map" resultType="Integer">
		SELECT count(*)
		FROM dvs.ib_p${currentPartitionId} 
		WHERE (data->>'clItemNumber') IS NOT NULL 
		<include refid="installBaseWhereSql"></include>
	</select>	
	<select id="getCodeLevelsProducts" parameterType="map" resultType="CodeLevelsProductBean">
		SELECT data->>'serialNumber' as serialNumber,
			   data->>'siteDisplayName' as siteDisplayName,
			   data->>'targetCode' as targetCode,
			   data->>'target1Code' as target1Code,
			   data->>'productName' as productName,
			   data->>'productFamily' as productFamily,
			   data->>'installedCode' as installedCode, 
			   data->>'codeLevelCategory' as codeLevelCategory,
			   data->>'ibStatus' as ibStatus,
			   data->>'productPageUrl' as productPageUrl,
			   data->>'serialNumberProductPage' as serialNumberProductPage,
			   data->>'instanceNumber' as instanceNumber,
			   data->>'lemcInstanceNumber' as lemcInstanceNumber
		FROM dvs.ib_p${currentPartitionId}
		WHERE (data->>'clItemNumber') IS NOT NULL 
		<include refid="installBaseWhereSql"></include>
		ORDER BY data->'${sortBy}' ${sortDir}
		<if test="size != null">
			LIMIT #{size} OFFSET (#{number}) * (#{size})
		</if>
	</select>
	
	<select id="getContractCategoryAggregate" parameterType="map" resultType="ContractCategoryBean">
		SELECT data->>'productFamily' as productFamily,
		data->>'contractExpiresCategory' as contractExpiresCategory
		FROM dvs.ib_p${currentPartitionId}
		WHERE (data->>'serialNumber') IS NOT NULL <include refid="installBaseWhereSql"></include>
		<include refid="ibContractWhereSql"></include>
	</select>
	
	<select id="getContractTimelineTotal" parameterType="map" resultType="Integer">
		SELECT count(*)
		FROM dvs.ib_p${currentPartitionId} 
		WHERE (data->>'serialNumber') IS NOT NULL
		AND (data->>'contractEndDate') IS NOT NULL
		AND (data->>'contractStartDate') IS NOT NULL
		<include refid="installBaseWhereSql"></include>
		<include refid="ibContractWhereSql"></include>
	</select>
	<select id="getContractTimeline" parameterType="map" resultType="ContractTimelineBean">
		SELECT data->>'serialNumber' as serialNumber,
		data->>'contractStatus' as contractStatus,
		data->>'contractExpiresCategory' as contractExpiresCategory,
		data->>'contractStartDate' as contractStartDate,
		data->>'contractEndDate' as contractEndDate,
		data->>'ibStatus' as ibStatus,
		data->>'serialNumberProductPage' as serialNumberProductPage
		FROM dvs.ib_p${currentPartitionId}
		WHERE (data->>'serialNumber') IS NOT NULL
		AND (data->>'contractEndDate') IS NOT NULL
		AND (data->>'contractStartDate') IS NOT NULL
		<include refid="installBaseWhereSql"></include>
		<include refid="ibContractWhereSql"></include>
		ORDER BY data->>'serialNumber' ASC
		LIMIT #{size} OFFSET (#{number}) * (#{size})
	</select>
	
	<select id="getContractInventoryTotal" parameterType="map" resultType="Integer">
		SELECT count(*)
		FROM dvs.ib_p${currentPartitionId} 
		WHERE (data->>'serialNumber') IS NOT NULL <include refid="installBaseWhereSql"></include>
		<include refid="ibContractWhereSql"></include>
	</select>
	
	<select id="getContractInventory" parameterType="map" resultType="ContractInventoryBean">
		SELECT data->>'serialNumber' as serialNumber,
		data->>'siteDisplayName' as siteDisplayName,
		data->>'productName' as productName,
		CASE
        	WHEN data->>'salesOrderNumber' = '0' or (data->>'salesOrderNumber') is null then 'Not Available'
        	ELSE data->>'salesOrderNumber'
        END as salesOrderNumber,
		data->>'contractNumber' as contractNumber,
		data->>'ibStatus' as ibStatus,
		data->>'productPageUrl' as productPageUrl,
		data->>'contractEndDate' as contractEndDate,
		data->>'contractStatus' as contractStatus,
		data->>'serialNumberProductPage' as serialNumberProductPage,
		data->>'servicePlanLevel' as servicePlanLevel,
		data->>'instanceNumber' as instanceNumber,
		CASE
        	WHEN data->>'lemcInstanceNumber' = '' or (data->>'lemcInstanceNumber') is null then 'Not Applicable'
        	ELSE data->>'lemcInstanceNumber'
        END as lemcInstanceNumber
		FROM dvs.ib_p${currentPartitionId}
		WHERE (data->>'serialNumber') IS NOT NULL 
		<include refid="installBaseWhereSql"></include>
		<include refid="ibContractWhereSql"></include>
		ORDER BY data->'${sortBy}' ${sortDir}, id
		<if test="size != null">
			LIMIT #{size} OFFSET (#{number}) * (#{size})
		</if>
	</select>
	
	<select id="getProductDetail" parameterType="map" resultType="ProductBean">
       SELECT data->>'serialNumber' as serialNumber,
        data->>'instanceNumber' as instanceNumber,        
        data->>'instanceId' as instanceId,
        data->>'productName' as productName,
        data->>'productFamily' as productFamily,
        data->>'productType' as productType,
        data->>'ibStatus' as ibStatus,
        data->>'siteNumber' as siteNumber,
        data->>'siteDisplayName' as siteDisplayName,
        data->>'siteName' as siteName,
        data->>'longitude' as longitude,
        data->>'latitude' as latitude,
        data->>'address1' as address1,
        data->>'address2' as address2,
        data->>'partsCount' as partsCount,
        data->>'city' as city,
        data->>'country' as country,
        data->>'countryCode' as countryCode,
        CASE
        	WHEN data->>'salesOrderNumber' = '0' or (data->>'salesOrderNumber') is null then 'Not Available'
        	ELSE data->>'salesOrderNumber'
        END as salesOrderNumber,
        data->>'contractNumber' as contractNumber,
        data->>'contractEndDate' as contractEndDate,
         data->>'contractStartDate' as contractStartDate,
        data->>'contractExpiresCategory' as contractExpiresCategory,
        data->>'contractStatus' as contractStatus,
        data->>'connectionType' as connectionType,
        (data->>'lastConnectHome')::timestamp as lastConnectHome,
        data->>'connectFlag' as connectFlag,
        data->>'largeProductImageUrl' as largeProductImageUrl,
        data->>'productAlias' as productAlias,
        CASE
        	WHEN data->>'vce' = 'VCE' then true
        	ELSE  false
        END as convergedComponent,
        data->>'cpsd' as convergedInfrastructure,
        data->>'globalDunsNumber' as globalDunsNumber,
        data->>'contractRenewalDate' as contractRenewalDate,
        data->>'productPageUrl' as productPageUrl,
        data->>'serialNumberProductPage' as serialNumberProductPage,
        data->>'eosl' as eosl,
        data->>'t3Id' as t3Id,
        data->>'eops' as eops,
        data->>'installDate' as installDate,
        data->>'installDate' as installDateLong,
        to_char(age(now(), to_timestamp((data->>'installDate')::double precision / 1000)), ' fmyy "years," fmmm "months," fmdd "days"') as installDateAge,
        to_char(age(now(), (data->>'lastConnectHome')::timestamp), ' fmyy "years," fmmm "months," fmdd "days"') as connectionAge,
        data->>'assetId' as assetId,
        data->>'zipCode' as zipCode,
        data->>'state' as state,
        data->>'province' as province,
        data->>'locationUpdatedBy' as locationUpdatedBy,
        data->>'locationUpdatedOn' as locationUpdatedOn,
        data->>'theater' as theater,
        data->>'shipDate' as shipDate,
        data->>'purchaseDate' as purchaseDate,
        data->>'servicePlanLevel' as servicePlanLevel,
        data->>'serviceProvider' as serviceProvider,
        data->>'supportStrategy' as supportStrategy,
        data->>'ciSolutionSerialNumber' as ciSolutionSerialNumber,
        data->>'federalAccount' as federalAccount,
        data->>'esrsVersion' as esrsVersion,
        data->>'deviceStatus' as deviceStatus,
        data->>'gatewayDeviceStatusList' as gatewayDeviceStatusList,
        data->>'clusterConnection' as clusterConnection,
        data->>'lastContactDate' as lastContactDate,
        data->>'clusterGroupName' as clusterGroupName,
        data->>'clusterDeviceId' as clusterDeviceId,
        data->>'lastConnectedGatewaySerial' as lastConnectedGatewaySerial,
        data->>'optimizedStorageContractNumber' as optimizedStorageContractNumber,
        data->>'optimizedStorageContractType' as optimizedStorageContractType,
        data->>'optimizedStorageContractStartDate' as optimizedStorageContractStartDate,
        data->>'optimizedStorageContractEndDate' as optimizedStorageContractEndDate,
        data->>'optimizedStorageFlag' as optimizedStorageFlag,
        data->>'optimizedStorageContractStatus' as optimizedStorageContractStatus,
        data->>'optimizedStorageContractExpiresCategory' as optimizedStorageContractExpiresCategory,
        data->>'refreshEquipmentRenewalDate' as refreshEquipmentRenewalDate,
        data->>'optimizedStorageRenewalDate' as optimizedStorageRenewalDate,
        data->>'contractRenewalAction' as contractRenewalAction,
        data->>'refreshEquipmentRenewalAction' as refreshEquipmentRenewalAction,
        data->>'optimizedStorageRenewalAction' as optimizedStorageRenewalAction,
        data->>'installedCode' as installedCode,
        data->>'targetCode' as targetCode,
		data->>'target1Code' as target1Code,
		data->>'cphc' as cphc,
		data->>'contractSubmittedBy' as contractSubmittedBy,
        data->>'optimizedStorageContractSubmittedBy' as optimizedStorageContractSubmittedBy,
        data->>'refreshEquipmentContractSubmittedBy' as refreshEquipmentContractSubmittedBy,
        data->>'ciSolutionProductName' as ciSolutionProductName,
        CASE
        	WHEN data->>'lemcInstanceNumber' = '' or (data->>'lemcInstanceNumber') is null then 'Not Applicable'
        	ELSE data->>'lemcInstanceNumber'
        END as lemcInstanceNumber
        
        FROM dvs.ib_p${currentPartitionId}
        WHERE 1 = 1
        <include refid="installBaseWhereSql"></include>
        <include refid="ibContractWhereSql"></include>
        <if test="sortDir != null">
	    	ORDER BY
	    	<if test="multipleRecordsCheck != null"> 
	    	CASE 
      		WHEN data->>'ibStatus' = 'Install' THEN 1
      		WHEN data->>'ibStatus' = 'Reseller Maintained' THEN 1
      		WHEN data->>'ibStatus' = 'Shipped' THEN 1
      		<![CDATA[ WHEN data->>'ibStatus' = 'Install - T&M' THEN 1 ]]>
      		WHEN data->>'ibStatus' = 'Awaiting Customer Install' THEN 1
      		ELSE 2
   			END ASC,
   			</if>
  			data->'${sortBy}' ${sortDir}, id
        </if>
        <if test="size != null">
			LIMIT #{size} OFFSET (#{number}) * (#{size})
		</if>
    </select>
		
	<!-- 
		foreach is used for List<String>
		ANY(string_to_array) is used when a string is passed like "1234,4567,8764" - postgres will convert the string to a list. 
		Internally postgres converts IN(1,2,3) to = ANY('{1,2,3}')  
	-->
	<sql id="installBaseWhereSql">		    
		<if test="connectivity != null">
			AND (data->> 'connectFlag') != 'Not Eligible'
		</if>
		<if test="cpsdFilter != null">
		    AND (data->>'cpsd') = #{cpsdFilter}
		</if>
		<!-- 
			siteProviderIsIn - GPE filter for Partner providers
			customerVisibilityIsIn - GPE filter - products is not partner supported and customers can see this
			instanceNumberIsIn - Product group filter - can be used by E or C,P
			siteNumberIsIn - Employee only filter - can be from a businessUnit or siteGroup. siteNumberIsIn will never be set along with the two GPE filters
			
			E can only send siteNumberIsIn and C/P can only send siteProviderIsIn / customerVisibilityIsIn
		 -->
		<if test="serviceProviderIsIn != null or instanceNumberIsIn != null or customerVisibilityIsIn != null or siteNumberIsIn != null">
			<choose>
				<!-- Employee with MySites, site and products custom group selection -->
				<when test="serviceProviderIsIn == null and customerVisibilityIsIn == null and (instanceNumberIsIn != null or siteNumberIsIn != null)">
					AND (
						(data->>'siteNumber') = ANY(string_to_array(#{siteNumberIsIn}, '|'))
						or
						(data->>'instanceNumber') = ANY(string_to_array(#{instanceNumberIsIn},'|'))
					)
				</when>
				
				<!-- C,P with MySites, site, or product custom group selection that need GPE filtering -->
				<when test="(serviceProviderIsIn != null or customerVisibilityIsIn != null) and (siteNumberIsIn != null or instanceNumberIsIn != null)">
					AND (
							(
								data->>'siteNumber' = ANY(string_to_array(#{siteNumberIsIn}, '|'))
								AND (
									data->>'customerProductVisibility' = ANY(string_to_array(#{customerVisibilityIsIn}, '|'))
									OR
									data->>'serviceProvider' = ANY(string_to_array(#{serviceProviderIsIn},'|'))
								)
							OR
								data->>'instanceNumber' = ANY(string_to_array(#{instanceNumberIsIn},'|'))
							)
					)
				</when>
				
				<otherwise>
					<!-- Fallback in case an invalid filter is supplied -->
					AND 1=2
				</otherwise>
			</choose>
		</if>
		<if test="codeLevelCategoryIsIn != null">
			AND (data->>'codeLevelCategory') = ANY(string_to_array(#{codeLevelCategoryIsIn},'|'))
		</if>
		<if test="tlaFlagIsIn != null">
		    <choose>
		    	<when test="tlaFlagIsIn == 'None'">
					AND (data->>'tlaFlag') is null
				</when>
				<when test="tlaFlagIsIn.contains('None')">
					AND ((data->>'tlaFlag') = ANY(string_to_array(#{tlaFlagIsIn},'|')) OR (data->>'tlaFlag') is null)
				</when>
				<otherwise>
					AND (data->>'tlaFlag') = ANY(string_to_array(#{tlaFlagIsIn},'|'))
				</otherwise>
			</choose>
		</if>
		<if test="ibStatusIsIn != null">
			<choose>
				<when test="ibStatusIsIn == 'None'">
					AND (data->>'ibStatus') is null
				</when>
				<when test="ibStatusIsIn.contains('None')">
					AND ((data->>'ibStatus') = ANY(string_to_array(#{ibStatusIsIn}, '|')) OR (data->>'ibStatus') is null)
				</when>
				<otherwise>
					AND (data->>'ibStatus') = ANY(string_to_array(#{ibStatusIsIn}, '|'))
				</otherwise>
			</choose>
		</if>
		<!-- productFamilyIs allows filtering the invernotry table without impacting the overall productFamilyIsIn filter  -->
		<if test="productFamilyIs != null">
			AND (data->>'productFamily') = ANY(string_to_array(#{productFamilyIs}, '|'))
		</if>
		<if test="productFamilyIsIn != null and productFamilyIs == null">
			<choose>
				<when test="productFamilyIsIn == 'None'">
					AND (data->>'productFamily') is null
				</when>
				<when test="productFamilyIsIn.contains('None')">
					AND ((data->>'productFamily') = ANY(string_to_array(#{productFamilyIsIn}, '|')) OR (data->>'productFamily') is null)
				</when>
				<otherwise>
					AND (data->>'productFamily') = ANY(string_to_array(#{productFamilyIsIn}, '|'))
				</otherwise>
			</choose>
		</if>
		<if test="productNameIsIn != null">
			<choose>
				<when test="productNameIsIn == 'None'">
					AND (data->>'productName') is null
				</when>
				<when test="productNameIsIn.contains('None')">
					AND ((data->>'productName') = ANY(string_to_array(#{productNameIsIn}, '|')) OR (data->>'productName') is null)
				</when>
				<otherwise>
					AND (data->>'productName') = ANY(string_to_array(#{productNameIsIn}, '|'))
				</otherwise>
			</choose>
		</if>
		<if test="serialNumberIsIn != null">
			<choose>
				<when test="serialNumberIsIn == 'None'">
					AND (data->>'serialNumber') is null
				</when>
				<when test="serialNumberIsIn.contains('None')">
					AND ((data->>'serialNumber') = ANY(string_to_array(#{serialNumberIsIn}, '|')) OR (data->>'serialNumber') is null)
				</when>
				<otherwise>
					AND (data->>'serialNumber') = ANY(string_to_array(#{serialNumberIsIn}, '|'))
				</otherwise>
			</choose>
		</if>
		<if test="instanceNumberFilterIsIn != null">
			AND (data->>'lemcInstanceNumber') = ANY(string_to_array(#{instanceNumberFilterIsIn}, '|'))
		</if>
		<if test="siteDisplayNameIsIn != null">
			<choose>
				<when test="siteDisplayNameIsIn == 'None'">
					AND (data->>'siteDisplayName') is null
				</when>
				<when test="siteDisplayNameIsIn.contains('None')">
					AND ((data->>'siteDisplayName') = ANY(string_to_array(#{siteDisplayNameIsIn}, '|')) OR (data->>'siteDisplayName') is null)
				</when>
				<otherwise>
					AND (data->>'siteDisplayName') = ANY(string_to_array(#{siteDisplayNameIsIn}, '|'))
				</otherwise>
			</choose>
		</if>
		<if test="connectionTypeIsEqual != null">
			AND (data->>'connectionType') = #{connectionTypeIsEqual}
		</if>
		<!-- allow multiple connection types to allow crossover between ESRS and Secure Remote Service -->
		<if test="connectionTypeIsIn != null">
			AND (data->>'connectionType') = ANY(string_to_array(#{connectionTypeIsIn}, '|'))
		</if>
		<if test="connectionTypeIsNotEqual != null">
			AND (data->>'connectionType') != #{connectionTypeIsNotEqual}
		</if>
		<if test="connectFlagIsEqual != null">
			AND (data->>'connectFlag') = #{connectFlagIsEqual}
		</if>
		<if test="connectFlagIsNotEqual != null">
			AND (data->>'connectFlag') != #{connectFlagIsNotEqual}
		</if>
		<if test="vceIsIn != null">
			<choose>
				<when test="vceIsIn == 'None'">
					AND (data->>'vce') is null
				</when>
				<when test="vceIsIn.contains('None')">
					AND ((data->>'vce') = ANY(string_to_array(#{vceIsIn}, '|')) OR (data->>'vce') is null)
				</when>
				<otherwise>
					AND (data->>'vce') = ANY(string_to_array(#{vceIsIn}, '|'))
				</otherwise>				
			</choose>
		</if>
		<if test="cpsdIs != null">
			<if test="cpsdIs == 'true'">
		  		AND (data->>'vce' = 'VCE' OR data->>'cpsd' = 'true')
			</if>				
			<if test="cpsdIs == 'false'">
				AND ((data->>'vce' != 'VCE' OR (data->>'vce') IS NULL) AND data->>'cpsd' = 'false' )
			</if>							
		</if>
		<if test="servicePlanLevelIsIn != null">
			AND (data->>'servicePlanLevel') = ANY(string_to_array(#{servicePlanLevelIsIn}, '|'))
		</if>
		<if test="searchIsLike != null">
			<bind name="pattern" value="'%' + searchIsLike + '%'" />
			AND concat_ws(' ', data->>'serialNumber', data->>'productAlias', data->>'siteDisplayName', data->>'lemcInstanceNumber', data->>'productType', data->>'productName',
			data->>'ibStatus', to_char(age(now(), to_timestamp((data->>'installDate')::double precision / 1000)), ' fmyy "years," fmmm "months," fmdd "days"'), 
			data->>'connectFlag', to_char(age(now(), (data->>'lastConnectHome')::timestamp), ' fmyy "years," fmmm "months," fmdd "days"'), 
			to_char((data->>'lastConnectHome')::timestamp, 'Mon dd, YYYY HH:MI am'), data->>'contractNumber', 
			data->>'contractStatus', 
			to_char(to_timestamp((data->>'contractEndDate')::double precision / 1000)::timestamptz at time zone 'UTC', 'Mon dd, YYYY'),
			to_char(to_timestamp((data->>'eosl')::double precision / 1000)::timestamptz at time zone 'UTC', 'Mon dd, YYYY'),
			to_char(to_timestamp((data->>'eops')::double precision / 1000)::timestamptz at time zone 'UTC', 'Mon dd, YYYY'),
			data->>'city', data->>'country', data->>'servicePlanLevel')
			ILIKE #{pattern}
		</if>
	</sql>
	<sql id="ibContractWhereSql">
		<if test="contractDateAfter != null and contractDateBefore != null">
			AND ( to_timestamp(cast((data->>'contractStartDate') as double precision)/1000) at time zone 'UTC' BETWEEN #{contractDateAfter}::timestamp AND #{contractDateBefore}::timestamp 
			OR  to_timestamp(cast((data->>'contractEndDate') as double precision)/1000)  at time zone 'UTC' BETWEEN #{contractDateAfter}::timestamp  AND #{contractDateBefore}::timestamp			
			OR  (data->>'contractEndDate') IS NULL)			
		</if>
		<if test="contractStatusIsIn != null">
			<choose>
				<when test="contractStatusIsIn == 'None'">
					AND (data->>'contractStatus') is null
				</when>
				<when test="contractStatusIsIn.contains('None')">
					AND ((data->>'contractStatus') = ANY(string_to_array(#{contractStatusIsIn}, '|')) OR (data->>'contractStatus') is null)
				</when>
				<otherwise>
					AND (data->>'contractStatus') = ANY(string_to_array(#{contractStatusIsIn}, '|'))
				</otherwise>
			</choose>
		</if>
		<if test="contractExpiresCategoryIsEqual != null">
			AND (data->>'contractExpiresCategory') = #{contractExpiresCategoryIsEqual}
		</if>				
	</sql>	
	
	<insert id="insertContractRenewalRecord" parameterType="Map">
		INSERT INTO dvs.contract_renewal (uid, serial_number, contract_end_date)
		VALUES (#{uid}, #{serialNumber}, #{contractEndDate})
	</insert>
		
	<select id="getInstallBaseProduct" resultType="InstallBaseProductBean">
		SELECT id as id, data::text as data
		FROM dvs.ib_p${partitionId}
		WHERE data->>'instanceNumber' = #{instanceNumber}  
	</select>
	
	<update id="updateInstallBaseProduct" parameterType="Map">
		UPDATE dvs.ib_p${partitionId}
		SET data = (#{data})::jsonb
		WHERE id = #{id} AND partition_id = #{partitionId}
	</update>
	
	<select id="getProductsTotal" parameterType="map" resultType="Integer">
		SELECT count(*)
		FROM dvs.ib_p${currentPartitionId}
		WHERE 1 = 1
        <include refid="installBaseWhereSql"></include>
        <include refid="ibContractWhereSql"></include>
	</select>
	
	<select id="getSiteChangeEvent" resultType="ProductSiteChangeBean">
		SELECT site_number as id, data::text as data
		FROM dvs.site_change_event
		WHERE site_number = #{siteNumber} 
	</select>
	
	<update id="updateSiteChangeEvent" parameterType="Map">
		UPDATE dvs.site_change_event
		SET data = (#{data})::jsonb
		WHERE site_number = #{siteNumber}
	</update>
	
	<insert id="insertSiteChangeEvent" parameterType="Map">
		INSERT INTO dvs.site_change_event (site_number, data)
		VALUES (#{siteNumber}, (#{data})::jsonb)
	</insert>
	
	<select id="getProductChangeEvent" resultType="ProductSiteChangeBean">
		SELECT instance_id as id, data::text as data
		FROM dvs.product_change_event
		WHERE instance_id = #{instanceNumber}
	</select>
	
	<select id="getContractRenewal" parameterType="map" resultType="ProductChangeBean">
		SELECT value->>'userName' as userName, 
		CASE 
			WHEN VALUE->>'contractRenewalAction' = 'renewContract' THEN 'Renew My Contract'
			WHEN VALUE->>'contractRenewalAction' = 'queryContract' THEN 'Query My Contract'
			WHEN VALUE->>'contractRenewalAction' = 'refreshEquipment' THEN 'Refresh My Equipment'
			ELSE ''
		END as contractRenewalAction,
	    VALUE->>'contractSubmissionDate' as contractSubmissionDate,
	    CASE 
			WHEN VALUE->>'contractRequestType' = 'optimizeForStorage' THEN 'Optimize for Storage'
			ELSE 'Service Plan'
		END as contractRequestType
	    FROM dvs.product_change_event u, 
	    jsonb_array_elements(u.data->'contractRenewal') as contractRenewalDate
	    WHERE instance_id = #{instanceNumber}
	    <include refid="timeRangeContractRenewalWhereSql"></include>
	    ORDER BY cast(VALUE->>'contractSubmissionDate' as BIGINT) DESC
	 </select>
	 
	 <select id="getAliasChanges" parameterType="map" resultType="AliasChangeBean">
		SELECT VALUE->>'userName' as userName, 
		VALUE->>'newAlias' as newAlias,
	    VALUE->>'updateDate' as updateDate
	    FROM dvs.product_change_event u, 
	    jsonb_array_elements(u.data->'aliasChange') as aliasChangeDate
	    WHERE instance_id = #{instanceNumber}
	    <include refid="timeRangeAliasChangeWhereSql"></include>
	    ORDER BY cast(VALUE->>'updateDate' as BIGINT) DESC
	 </select>
	 
	 <select id="getLocationChanges" parameterType="map" resultType="LocationChangeBean">
	 	SELECT  VALUE->>'requestDate' as requestDate,
	 	VALUE->>'userName' as userName,
	 	VALUE->>'updatedAddress' as updatedAddress,
	 	VALUE->>'updatedSiteDisplayName' as updatedSiteDisplayName,
	 	VALUE->>'originalAddress' as originalAddress,
	 	VALUE->>'originalSiteDisplayName' as originalSiteDisplayName
	 	FROM dvs.product_change_event u, 
	 	jsonb_array_elements(u.data->'locationChange') as locationChangeDate
	 	WHERE instance_id = #{instanceNumber}
	 	<include refid="timeRangeLocationChangeWhereSql"></include>
	 	ORDER BY cast(VALUE->>'requestDate' as BIGINT) DESC
	 </select>
	 
	
	<update id="updateProductChangeEvent" parameterType="Map">
		UPDATE dvs.product_change_event
		SET data = (#{data})::jsonb
		WHERE instance_id = #{instanceNumber}
	</update>
	
	<update id="updateEsrsChangeEvent" parameterType="Map">
		UPDATE dvs.esrs_change_event
		SET data = (#{data})::jsonb
		WHERE id = #{deviceId}
	</update>
	
	<update id="updateEsrsData" parameterType="Map">
		UPDATE dvs.esrs
		SET data = (#{data})::jsonb
		WHERE id = #{id}
	</update>
	
	<insert id="insertProductChangeEvent" parameterType="Map">
		INSERT INTO dvs.product_change_event (instance_id, data)
		VALUES (#{instanceNumber}, (#{data})::jsonb)
	</insert>
	
	<insert id="insertEsrsChangeEvent" parameterType="Map">
		INSERT INTO dvs.esrs_change_event (id, data)
		VALUES (#{deviceId}, (#{data})::jsonb)
	</insert>
	
	<insert id="insertEsrsdata" parameterType="Map">
		INSERT INTO dvs.esrs (id, data)
		VALUES (#{id}, (#{data})::jsonb)
	</insert>
	
	<insert id="insertConnectHomeDuration" parameterType="Map">
		INSERT INTO dvs.connecthome_durations (product_family, duration, send_email)
		VALUES (#{connectHomeDuration.productFamily}, #{connectHomeDuration.duration}, #{connectHomeDuration.sendEmail})
	</insert>
	
	<update id="updateLastEmailSentDuration" parameterType="string">
		UPDATE dvs.connecthome_durations SET last_email_sent = now() 
		WHERE product_family = #{productFamily}
	</update>
	
	<select id="getSolutionComponents" parameterType="map" resultType="ComponentBean">
	SELECT data->>'owner' as owner,
	data->>'componentModelNumber' as componentModelNumber,
	data->>'componentName' as componentName,
	data->>'contractNumber' as contractNumber,
	data->>'contractStatus' as contractStatus,
	data->>'openSrCount' as openSrCount,
	data->>'productType' as productType,
	data->>'cpsdSerialNumber' as ciSolutionSerialNumber,
	data->>'serialNumber' as componentSerialNumber,
	data->>'instanceNumber' as instanceNumber,
	data->>'isInIB' as isInIB
	FROM dvs.${componentCurrentPartition}
	WHERE data->>'cpsdSerialNumber' = #{cpsdSerialNumber}
	<include refid="componentWhereSql"></include>
	 <if test="sortBy != null">
	    ORDER BY data->>'${sortBy}' ${sortDir}, id
     </if>	
</select>

<select id="getChangesAndSubmissionsStats" parameterType="map" resultType="Map">
	select 'aliaschangecount' as type, count(*) as count
	FROM dvs.product_change_event, jsonb_array_elements(data->'aliasChange') as aliasChangeDate
	where instance_id =  #{instanceNumberIsIn} :: double precision
	<include refid="timeRangeAliasChangeWhereSql"></include>
	union
	select 'locationchangecount' as type, count(*) as count
	FROM dvs.product_change_event, jsonb_array_elements(data->'locationChange') as locationChangeDate
	where instance_id =  #{instanceNumberIsIn} :: double precision
	<include refid="timeRangeLocationChangeWhereSql"></include>
	union
	select 'contractrenewalcount' as type, count(*) as count
	FROM dvs.product_change_event, jsonb_array_elements(data->'contractRenewal') as contractRenewalDate
	where instance_id =  #{instanceNumberIsIn} :: double precision
	<include refid="timeRangeContractRenewalWhereSql"></include>
</select>

<select id="getChangesAndSubmissionTimelineRangeEventCount" parameterType="map" resultType="Map">
	select  EXTRACT(EPOCH FROM ((TO_TIMESTAMP((dates :: double precision / 1000) + (#{timeZoneOffsetInSencods} :: double precision)) at time zone 'UTC' )::date)) * 1000 as date, count(*) as count
		from (
		select  aliasChangeDate->>'updateDate' as dates
		FROM dvs.product_change_event,jsonb_array_elements(data->'aliasChange') as aliasChangeDate
		where instance_id = #{instanceNumberIsIn} :: double precision
		<include refid="timeRangeAliasChangeWhereSql"></include>
		union ALL
		select locationChangeDate->>'requestDate' as dates
		FROM dvs.product_change_event,jsonb_array_elements(data->'locationChange') as locationChangeDate
		where instance_id = #{instanceNumberIsIn} :: double precision
		<include refid="timeRangeLocationChangeWhereSql"></include>
		union ALL
		select contractRenewalDate->>'contractSubmissionDate' as dates
		FROM dvs.product_change_event,jsonb_array_elements(data->'contractRenewal') as contractRenewalDate
		where instance_id = #{instanceNumberIsIn} :: double precision
		<include refid="timeRangeContractRenewalWhereSql"></include>
		) as a
	group by date;
</select>
	
	<select id="getEsrsChangeEvent" resultType="EsrsChangeEventBean">
		SELECT id, json_build_object('aliasChange', array_agg(json_build_object(
        'uid', VALUE->>'uid',
      	'alias', VALUE->>'alias',
      	'action', VALUE->>'action',
      	'deviceId', VALUE->>'deviceId',
      	'updatedBy', VALUE->>'updatedBy',
      	'updatedOn', ((VALUE->>'updatedOn')::double precision),
      	'relationshipType', VALUE->>'relationshipType',
      	'userIdentityType', VALUE->>'userIdentityType',
      	'clusterConnection', ((VALUE->>'clusterConnection')::boolean) ))) AS data 
        FROM dvs.esrs_change_event, jsonb_array_elements(data->'aliasChange') as
		aliasChange
		WHERE id = ANY(string_to_array(#{deviceId}, '|'))
		<include refid="timeRangeESRSWhereSql"></include>
		GROUP by id
	</select>
	
	<select id="getEsrsChangeEventForExport" resultType="EsrsChangeEventBeanForExport">
		SELECT aliasChange->>'updatedBy' as updatedBy, 
		COALESCE(aliasChange->>'alias', '') as alias,
	    aliasChange->>'updatedOn' as updatedOn
		FROM dvs.esrs_change_event u,
		jsonb_array_elements(u.data->'aliasChange') as aliasChange
		WHERE id = ANY(string_to_array(#{deviceId}, '|'))
		<include refid="timeRangeESRSWhereSql"></include>
		ORDER BY updatedOn DESC
	</select>
	
	<select id="getEsrsData" resultType="EsrsBean">
		SELECT id as id,
        data->>'uidForAlias' as uidForAlias,
		data->>'alias' as alias,
		data->>'aliasLastUpdatedBy' as aliasLastUpdatedBy,
		data->>'aliasLastUpdatedOn' as aliasLastUpdatedOn,
		data->>'relationshipTypeForAlias' as relationshipTypeForAlias,
		data->>'userIdentityTypeForAlias' as userIdentityTypeForAlias
		FROM dvs.esrs c
		WHERE c.id = ANY(string_to_array(#{deviceId}, '|'))
	</select>
	
	<select id="getEsrsAliasChangeCount" parameterType="map" resultType="Long">
		SELECT count(*)
		FROM dvs.esrs_change_event, jsonb_array_elements(data->'aliasChange') as
		aliasChange
		WHERE id = ANY(string_to_array(#{deviceId}, '|')) 
		<include refid="timeRangeESRSWhereSql"></include>
	</select>
	
	<select id="getSiteDetails" parameterType="map" resultType="siteBean">
		SELECT cust.ucid,
		site.cust_num as siteNumber,
		coalesce(site.cs_cust_nm, cust.cust_nm) as siteName,
		gbl_ult_idntfr as globalDunsNumber,
		site.enty_cntry_nm as country,
		site.enty_cntry_cd as countryCode,
		site.enty_city as city,
		site.enty_pstl_cd as zipCode,
		site.loctn_st_cd as state,
		site.enty_addr_1 as address1,
		site.enty_addr_2 as address2,
		site.latitude as latitude,
		site.longitude as longitude
		FROM masterdata.w_customer_d_ddl cust
		INNER JOIN ecps_engr_ecps.geo_aps_site_mapping_w_customer_d_ddl site ON site.cust_num = cust.cust_num
		<choose>
			<when test="siteNumberIsIn != null">
				WHERE cust.cust_num = ANY(string_to_array(#{siteNumberIsIn}, '|'))
			</when>
			<when test="ucidIsIn != null">
				WHERE cust.ucid = ANY(string_to_array(#{ucidIsIn}, '|'))
			</when>
			<otherwise>
				WHERE 1=2
			</otherwise>
		</choose>
		 
	</select>
	
	<sql id="componentWhereSql">
		<if test="ownerIsIn != null">
			<choose>
				<when test="ownerIsIn == 'null'">
					AND (data->>'owner') is null
				</when>
				<when test="ownerIsIn.contains('null')">
					AND ((data->>'owner') = ANY(string_to_array(#{ownerIsIn}, '|')) OR (data->>'siteDisplayName') is null)
				</when>
				<otherwise>
					AND (data->>'owner') = ANY(string_to_array(#{ownerIsIn}, '|'))
				</otherwise>
			</choose>			
		</if>
		<if test="componentModelNumberIsIn != null">
			<choose>
				<when test="componentModelNumberIsIn == 'null'">
					AND (data->>'componentModelNumber') is null
				</when>
				<when test="componentModelNumberIsIn.contains('null')">
					AND ((data->>'componentModelNumber') = ANY(string_to_array(#{componentModelNumberIsIn}, '|')) OR (data->>'componentModelNumber') is null)
				</when>
				<otherwise>
					AND (data->>'componentModelNumber') = ANY(string_to_array(#{componentModelNumberIsIn}, '|'))
				</otherwise>
			</choose>				
		</if>
		<if test="componentNameIsIn != null">
			<choose>
				<when test="componentNameIsIn == 'null'">
					AND (data->>'componentName') is null
				</when>
				<when test="componentNameIsIn.contains('null')">
					AND ((data->>'componentName') = ANY(string_to_array(#{componentNameIsIn}, '|')) OR (data->>'componentName') is null)
				</when>
				<otherwise>
					AND (data->>'componentName') = ANY(string_to_array(#{componentNameIsIn}, '|'))
				</otherwise>
			</choose>			
		</if>
		<if test="contractNumberIsIn != null">
			<choose>
				<when test="contractNumberIsIn == 'null'">
					AND (data->>'contractNumber') is null
				</when>
				<when test="contractNumberIsIn.contains('null')">
					AND ((data->>'contractNumber') = ANY(string_to_array(#{contractNumberIsIn}, '|')) OR (data->>'contractNumber') is null)
				</when>
				<otherwise>
					AND (data->>'contractNumber') = ANY(string_to_array(#{contractNumberIsIn}, '|'))
				</otherwise>
			</choose>					
		</if>
		<if test="contractStatusIsIn != null">
			<choose>
				<when test="contractStatusIsIn == 'null'">
					AND (data->>'contractStatus') is null
				</when>
				<when test="contractStatusIsIn.contains('null')">
					AND ((data->>'contractStatus') = ANY(string_to_array(#{contractStatusIsIn}, '|')) OR (data->>'contractStatus') is null)
				</when>
				<otherwise>
					AND (data->>'contractStatus') = ANY(string_to_array(#{contractStatusIsIn}, '|'))
				</otherwise>
			</choose>
		</if>
		<if test="openSrCountIsIn != null">
			<choose>
				<when test="openSrCountIsIn == 'null'">
					AND (data->>'openSrCount') is null
				</when>
				<when test="openSrCountIsIn.contains('null')">
					AND ((data->>'openSrCount') = ANY(string_to_array(#{openSrCountIsIn}, '|')) OR (data->>'openSrCount') is null)
				</when>
				<otherwise>
					AND (data->>'openSrCount') = ANY(string_to_array(#{openSrCountIsIn}, '|'))
				</otherwise>
			</choose>			
		</if>
		<if test="productTypeIsIn != null">
			<choose>
				<when test="productTypeIsIn == 'null'">
					AND (data->>'productType') is null
				</when>
				<when test="productTypeIsIn.contains('null')">
					AND ((data->>'productType') = ANY(string_to_array(#{productTypeIsIn}, '|')) OR (data->>'productType') is null)
				</when>
				<otherwise>
					AND (data->>'productType') = ANY(string_to_array(#{productTypeIsIn}, '|'))
				</otherwise>
			</choose>				
		</if>
		<if test="componentSerialNumberIsIn != null">
			<choose>
				<when test="componentSerialNumberIsIn == 'null'">
					AND (data->>'serialNumber') is null
				</when>
				<when test="componentSerialNumberIsIn.contains('null')">
					AND ((data->>'serialNumber') = ANY(string_to_array(#{componentSerialNumberIsIn}, '|')) OR (data->>'serialNumber') is null)
				</when>
				<otherwise>
					AND (data->>'serialNumber') = ANY(string_to_array(#{componentSerialNumberIsIn}, '|'))
				</otherwise>
			</choose>				
		</if>
		<if test="searchIsLike != null">
            <bind name="pattern" value="'%' + searchIsLike + '%'" />
            AND concat_ws(' ', data->>'owner', data->>'componentModelNumber', data->>'componentName', data->>'contractNumber', data->>'contractStatus',
            data->>'openSrCount', data->>'productType', data->>'serialNumber')
            ILIKE #{pattern}
        </if>
	</sql>
	
	<sql id="timeRangeAliasChangeWhereSql">
	   <if test="filterBy != null">
		  <choose>
			  <when test="filterBy == 'All' or filterBy.contains('aliasChange')">
				AND 1=1
			  </when>
			  <otherwise>
				AND 1=2
			  </otherwise>
		   </choose>
	    </if>
		<if test="tlvTimeRangeAfter!=null and tlvTimeRangeBefore!=null">
				 <![CDATA[ AND (aliasChangeDate->>'updateDate')::double precision BETWEEN #{tlvTimeRangeAfter}::double precision AND #{tlvTimeRangeBefore}::double precision]]>
		</if>
	</sql>

	<sql id="timeRangeLocationChangeWhereSql">
	   <if test="filterBy != null">
		  <choose>
			  <when test="filterBy == 'All' or filterBy.contains('locationChange')">
				AND 1=1
			  </when>
			  <otherwise>
				AND 1=2
			  </otherwise>
		   </choose>
	     </if>
		<if test="tlvTimeRangeAfter!=null and tlvTimeRangeBefore!=null">
				 <![CDATA[ AND (locationChangeDate->>'requestDate')::double precision BETWEEN #{tlvTimeRangeAfter}::double precision AND #{tlvTimeRangeBefore}::double precision]]>
		</if>
	</sql>

	<sql id="timeRangeContractRenewalWhereSql">
	    <if test="filterBy != null">
		  <choose>
			  <when test="filterBy == 'All' or filterBy.contains('contractRenewal')">
				AND 1=1
			  </when>
			  <otherwise>
				AND 1=2
			  </otherwise>
		   </choose>
	    </if>
		<if test="tlvTimeRangeAfter!=null and tlvTimeRangeBefore!=null">
				 <![CDATA[ AND (contractRenewalDate->>'contractSubmissionDate')::double precision BETWEEN #{tlvTimeRangeAfter}::double precision AND #{tlvTimeRangeBefore}::double precision]]>
		</if>
	</sql>
	
	<select id="getServiceEventsTimeRangeAliasChangeCount" parameterType="map" resultType="Map">
		SELECT aliasChange->>'updatedOn' as date, Count(*) as count
		FROM dvs.esrs_change_event, jsonb_array_elements(data->'aliasChange') as aliasChange
		WHERE id = ANY(string_to_array(#{deviceId}, '|'))
		<include refid="serviceEventsTimeRangeAliasChangeWhereSql"></include>
		GROUP BY date;
	</select>
	
	<sql id="serviceEventsTimeRangeAliasChangeWhereSql">
		<if test="filterBy != null">
			<choose>
				<when
					test="filterBy == 'All' or filterBy.contains('nickNameChange')">
					AND 1=1
				</when>
				<otherwise>
					AND 1=2
				</otherwise>
			</choose>
		</if>
		<if test="tlvTimeRangeAfter!=null and tlvTimeRangeBefore!=null">
			 <![CDATA[ AND (aliasChange->>'updatedOn')::double precision BETWEEN #{tlvTimeRangeAfter}::double precision AND #{tlvTimeRangeBefore}::double precision]]>
		</if>
	</sql>
	
	<sql id="timeRangeESRSWhereSql">
	    <if test="tlvTimeRangeAfter != null and tlvTimeRangeBefore != null">
		  <![CDATA[ AND to_char(to_timestamp((aliasChange->>'updatedOn')::BIGINT / 1000), 'yyyy-MM-dd') 
		  BETWEEN to_char(to_timestamp(#{tlvTimeRangeAfter}::BIGINT / 1000), 'yyyy-MM-dd') AND to_char(to_timestamp(#{tlvTimeRangeBefore}::BIGINT / 1000), 'yyyy-MM-dd')]]>
		</if>
	</sql>
	
	<select id="getTridentConnectedDevices" parameterType="Map" resultType="Map">
		SELECT device_status as "deviceStatus", serial_number as "serialNumber", gateway_serial_number as "gatewayId", product_type as	"productName", esrs_version as "esrsVersion"
		FROM dvs.esrs_device_gateways_ms360
		WHERE 1=1
		<include refid="whereGatewayOrClusterSql"></include>
		<include refid="whereTridentConnectedDeviceFilterSql"></include>
	</select>
	
	<select id="getTridentConnectHomeEvents" parameterType="Map" resultType="Map">
		SELECT ib_serial_num as "serialNumber",
		to_timestamp(EXTRACT(EPOCH FROM connect_date)::BIGINT) at time zone 'UTC' as "connectDate", 
		to_timestamp(EXTRACT(EPOCH FROM connect_time)::BIGINT) at time zone 'UTC' as "connectTime", 
		file_create_tms as "startTime", 
		file_create_tms as "connectDateTime", 
		model as "productName"
		from dvs.esrs_connecthome_flat_ms360
		WHERE gateway_serial_number = 		
		<choose>
			<when test="isClusterConnection == 'true'">
				ANY(select distinct gateway_serial_number     
				FROM dvs.esrs_device_gateways_ms360
				WHERE 1=1
				<include refid="whereGatewayOrClusterSql"></include>)
			</when>
			<otherwise>
				#{deviceId}
			</otherwise>
		</choose>
        <include refid="whereConnectHomeStartTimeSql"></include>
        <include refid="whereConnectHomeTimeRangeSql"></include>
	</select>
	
	<sql id="whereConnectHomeTimeRangeSql">
		<if test="tlvTimeRangeAfter != null and tlvTimeRangeBefore != null">
		  AND (connect_date::timestamp) BETWEEN (to_timestamp(cast((#{tlvTimeRangeAfter})as double precision)/1000) at time zone 'UTC') 
                   AND (to_timestamp(cast((#{tlvTimeRangeBefore})as double precision)/1000) at time zone 'UTC')
		</if>
	</sql>

	<sql id="whereConnectHomeStartTimeSql">
		<choose>
			<when test="detailsView == 'true'">
				<if test="startTimeBefore != null">
					<![CDATA[ AND to_char(connect_date::timestamp, 'yyyy-MM-dd') = to_char(to_timestamp(#{startTimeBefore}::BIGINT / 1000), 'yyyy-MM-dd') ]]>
				</if>
				<if test="startTimeAfter != null">
		        	<![CDATA[ AND to_char(connect_date::timestamp, 'yyyy-MM-dd') = to_char(to_timestamp(#{startTimeAfter}::BIGINT / 1000), 'yyyy-MM-dd') ]]>
				</if>
			</when>
			<otherwise>
				<if test="startTimeBefore != null">
					<![CDATA[ AND to_char(connect_date::timestamp, 'yyyy-MM-dd HH:MM:SS') < to_char(to_timestamp(#{startTimeBefore}::BIGINT / 1000), 'yyyy-MM-dd') ]]>
				</if>
				<if test="startTimeAfter != null">
		        	<![CDATA[ AND to_char(connect_date::timestamp, 'yyyy-MM-dd HH:MM:SS') > to_char(to_timestamp(#{startTimeAfter}::BIGINT / 1000), 'yyyy-MM-dd') ]]>
				</if>
			</otherwise>
		</choose>
	</sql>
	
	<sql id="whereTridentConnectedDeviceFilterSql">
		<if test="deviceStatusIsIn != null">
		  AND device_status = ANY(string_to_array(#{deviceStatusIsIn}, '|'))
		</if>
		
		<if test="productNameIsIn != null">
		  AND product_type = ANY(string_to_array(#{productNameIsIn}, '|'))
		</if>
	</sql>
	
	<sql id="whereGatewayOrClusterSql">
	<choose>
			<when test="isClusterConnection == 'true'">
				AND cluster_group_id = #{deviceId}::BIGINT
			</when>
			<otherwise>
				AND gateway_serial_number = #{deviceId}
			</otherwise>
	</choose> 
	</sql>
	
	<select id="getTridentAggregateResponse" parameterType="Map" resultType="EsrsDeviceGatewaysBean">
		WITH gatewayStatusCTE as (select gateway_status, serial_number, row_number() over (partition by gateway_serial_number order by serial_number desc) rn
		FROM dvs.esrs_device_gateways_ms360
		WHERE 1=1
		<include refid="whereGatewayOrClusterSql"></include>
		),
		gatewayStatusAgg as (select array_to_string(array_agg(gateway_status), '|') as gatewayStatus
		from gatewayStatusCTE
		WHERE rn = 1)
		SELECT max(cluster_group_name) as "clusterGroupName",
		max(gateway_model_name) as "gatewayModelName",
		max(agg.gatewayStatus) as "gatewayDeviceStatus",
		array_to_string(array_agg(distinct coalesce(esrs_version, '2.0.0.0')), '|')  as "esrsVersion",
		max(gateway_serial_number) as "gatewayId",
		max(cluster_group_id) as "clusterId"
		from dvs.esrs_device_gateways_ms360
		cross join gatewayStatusAgg agg
		WHERE 1=1
		<include refid="whereGatewayOrClusterSql"></include>
	</select>
	
	<select id="getTridentGatewayDetails" parameterType="Map" resultType="GatewayBean">
		SELECT gateway_serial_number as "gatewayId", gateway_model_name as "gatewayModelName", esrs_version as "esrsVersion", gateway_status as "gatewayDeviceStatus"
		FROM (
			SELECT DISTINCT ON (gateway_serial_number) gateway_serial_number, gateway_model_name, esrs_version, gateway_status
			FROM dvs.esrs_device_gateways_ms360
			WHERE 1=1
			<include refid="whereGatewayOrClusterSql"></include>
		) as gateways
		ORDER BY
		CASE WHEN COALESCE(gateway_status, 'Missing') = 'Missing' THEN 1
		WHEN gateway_status = 'Online' THEN 2
		ELSE 3 END, gateway_model_name;
	</select>
	
	<select id="getGatewayIdsWithinACluster" parameterType="Map" resultType="String">
		SELECT array_to_string(array_agg(distinct gateway_serial_number), '|') as gatewayDeviceIds
		FROM dvs.esrs_device_gateways_ms360
		WHERE 1=1
		<include refid="whereGatewayOrClusterSql"></include>
	</select>
	
	<select id="getTridentInstallBaseResponse" parameterType="Map"	resultType="Map">
		SELECT a.*, c."lastConnectHomeDate" FROM 
		   (SELECT MAX(file_create_tms)::varchar AS "lastConnectHomeDate" FROM dvs.esrs_connecthome_flat_ms360 WHERE ib_serial_num = ANY(string_to_array(#{serialNumberIsIn},'|'))) c,
		   (
		   SELECT 
		   row_number() over WND as rn,
		   serial_number as "serialNumber",
		   cluster_group_id as "clusterDeviceId",
		   COALESCE(device_status, 'Missing') as "deviceStatus",
		   CASE WHEN cluster_group_id IS NOT NULL THEN true 
		   ELSE false END as "clusterConnection",
		   'Secure Remote Services' as "connectionType",
	       'Connected' as "connectFlag",
	       #{connectHomeStatusDuration} as connectHomeStatusDuration
		   FROM dvs.esrs_device_gateways_ms360
		   WHERE serial_number = ANY(string_to_array(#{serialNumberIsIn},'|'))
		   WINDOW WND AS(PARTITION BY serial_number ORDER BY device_last_contact_date desc nulls last)
		    ) a		  
		   WHERE  a.rn = 1
	</select>
	
	<delete id="deleteDeviceData" parameterType="Map">
		DELETE FROM	dvs.esrs_device_gateways_ms360
		WHERE serial_number = #{serialNumber}
		AND product_type = #{productType};
	</delete>
	
	<insert id="insertDeviceData" parameterType="list">
		INSERT INTO dvs.esrs_device_gateways_ms360 (serial_number, product_type, gateway_serial_number, gateway_model_name, esrs_version, gateway_status, cluster_group_id, cluster_group_name, device_status, device_last_contact_date)
		VALUES
		<foreach collection="list" item="element" index="index" separator=",">
			(#{element.serialNumber}, UPPER(#{element.productType}), #{element.gatewaySerialNumber}, #{element.gatewayModel}, #{element.esrsVersion}, #{element.gatewayStatus}, (#{element.clusterId})::INTEGER, #{element.clusterGroupName}, #{element.deviceStatus}, #{element.lastContactDate})
		</foreach>
	</insert>
	
	<insert id="insertConnectHomeData" parameterType="Map">
		INSERT INTO dvs.esrs_connecthome_flat_ms360 (ib_serial_num, connect_date, connect_time, file_create_tms, gateway_serial_number, model, file_name, file_size, file_location_uri)
		VALUES(#{serialNumber}, (#{connectDate})::DATE, (#{connectTime})::TIME, (#{fileCreateTms})::TIMESTAMP, #{gwSerialNumber}, UPPER(#{model}), #{fileName}, #{fileSize}, #{filelocationURI});
	</insert>
	
	<update id="updateConnectHomeData" parameterType="Map">
		UPDATE dvs.esrs_device_gateways_ms360
		SET device_last_connecthome_date = (#{deviceLastConnectHomeDate})::bigint
		WHERE serial_number = #{serialNumber} and gateway_serial_number = #{gwSerialNumber}
	</update>
	
	<update id="updateEsrsDeviceStatus" parameterType="Map">
	With upsert as (
	Update dvs.esrs_device_status
	Set device_status = :deviceStatus, last_modified_date = now()
	Where serial_number = :serialNumber and model_name = :productType
	returning *
	)
	Insert into dvs.esrs_device_status(serial_number , model_name, device_status)
	Select :serialNumber, :productType, :deviceStatus
	Where not exists (
	Select 1
	From upsert
	Where serial_number = :serialNumber and model_name = :productType
	)
	</update>

</mapper>
